{
    "epochs": [
        0,
        1,
        2,
        3,
        4,
        5,
        6,
        7,
        8,
        9
    ],
    "actor_losses": [
        0.32653138041496277,
        0.21550318598747253,
        0.1987960934638977,
        0.21029630303382874,
        0.20582523941993713,
        0.20250795781612396,
        0.1998448222875595,
        0.20279040932655334,
        0.20670588314533234,
        0.19064386188983917
    ],
    "critic_losses": [
        0.0241546593606472,
        0.01707976683974266,
        0.016039537265896797,
        0.016928430646657944,
        0.016780680045485497,
        0.016827158629894257,
        0.016968142241239548,
        0.0173223614692688,
        0.01799890771508217,
        0.016940902918577194
    ],
    "embedding_rewards": [],
    "recommendation_rewards": [],
    "ndcg_scores": [
        0.009191131986103086,
        0.009191131986103086,
        0.009191131986103086,
        0.009191131986103086,
        0.009191131986103086,
        0.009191131986103086,
        0.009191131986103086,
        0.009191131986103086,
        0.009191131986103086,
        0.009191131986103086
    ]
}