{
    "epochs": [
        0,
        1,
        2,
        3,
        4,
        5,
        6,
        7,
        8,
        9
    ],
    "actor_losses": [
        0.16833125054836273,
        -0.031859491020441055,
        -0.01954936794936657,
        -0.011103187687695026,
        0.005832785740494728,
        0.011787845753133297,
        0.012687613256275654,
        0.013390619307756424,
        0.013087504543364048,
        0.015530395321547985
    ],
    "critic_losses": [
        0.07963123917579651,
        0.03557717800140381,
        0.030444692820310593,
        0.027221694588661194,
        0.023885546252131462,
        0.023023555055260658,
        0.026574524119496346,
        0.03147665411233902,
        0.03284056857228279,
        0.033342231065034866
    ],
    "embedding_rewards": [],
    "recommendation_rewards": [],
    "ndcg_scores": [
        0.009191131986103086,
        0.009191131986103086,
        0.009288018158405588,
        0.009309272821938542,
        0.012495778138933633,
        0.015581159544865617,
        0.01649042396125046,
        0.025627069566494298,
        0.02698379454413935,
        0.030296782131144742
    ]
}