{
    "epochs": [
        0,
        1,
        2,
        3,
        4,
        5,
        6,
        7,
        8,
        9
    ],
    "actor_losses": [
        1.0380314588546753,
        0.7607372999191284,
        0.6449704170227051,
        0.5931537747383118,
        0.5688437223434448,
        0.5524652600288391,
        0.5421631336212158,
        0.5363861918449402,
        0.5318002700805664,
        0.5279669761657715
    ],
    "critic_losses": [
        0.16814708709716797,
        0.09933407604694366,
        0.07593411207199097,
        0.06671414524316788,
        0.06290092319250107,
        0.0605819895863533,
        0.05939570441842079,
        0.059085164219141006,
        0.05878300592303276,
        0.05883428826928139
    ],
    "embedding_rewards": [],
    "recommendation_rewards": [],
    "ndcg_scores": [
        0.009191131986103086,
        0.009191131986103086,
        0.009191131986103086,
        0.009191131986103086,
        0.009191131986103086,
        0.009191131986103086,
        0.009191131986103086,
        0.009191131986103086,
        0.009191131986103086,
        0.009191131986103086
    ]
}