{
    "epoch": 2,
    "imagination_strategy": "Proposed",
    "metrics": {
        "ndcg_cold": 0.00918971085763885,
        "ndcg_hybrid": 0.11918580892021173,
        "actor_loss": -0.028038102846879225,
        "critic_loss": 0.039471213634197526
    },
    "timestamp": "2025-06-07T17:48:42.601572"
}