{
    "epoch": 7,
    "imagination_strategy": "Proposed",
    "metrics": {
        "ndcg_cold": 0.023988621356743546,
        "ndcg_hybrid": 0.11699673076713558,
        "actor_loss": 0.011327836375970107,
        "critic_loss": 0.03318702716093797
    },
    "timestamp": "2025-06-07T17:50:53.218890"
}