{
    "epochs": [
        0,
        1,
        2,
        3,
        4,
        5,
        6,
        7,
        8,
        9
    ],
    "actor_losses": [
        0.23881348967552185,
        -0.03375590592622757,
        -0.028038103133440018,
        -0.02081369422376156,
        -0.0019047240493819118,
        0.008646274916827679,
        0.009548253379762173,
        0.011327836662530899,
        0.012962193228304386,
        0.011966774240136147
    ],
    "critic_losses": [
        0.12874974310398102,
        0.05125397816300392,
        0.03947121649980545,
        0.031542688608169556,
        0.024635668843984604,
        0.026380101218819618,
        0.03154904767870903,
        0.033187028020620346,
        0.03361673653125763,
        0.033471763134002686
    ],
    "embedding_rewards": [],
    "recommendation_rewards": [],
    "ndcg_scores": [
        0.009191131986103086,
        0.009191131986103086,
        0.00918971085763885,
        0.008933592547001133,
        0.014544404385153902,
        0.014073971285984635,
        0.019469540625383835,
        0.023988621356743546,
        0.025084382843343075,
        0.014946396281227665
    ]
}